word,frequency
different,15
police,13
character,12
game,12
card,11
player,9
community,9
action,8
level,8
outcome,8
need,7
empathy,7
team,7
learn,6
time,6
not,5
people,5
main,5
interaction,5
secondary,5
skill,5
s,5
change,5
policing,5
choose,5
play,5
no,5
role,5
life,4
law,4
scenario,4
enforcement,4
consequence,4
interact,4
consensus,4
group,4
point,4
yes,4
feedback,4
real,4
world,4
internal,3
knowledge,3
thing,3
park,3
goal,3
bias,3
calvin,3
provide,3
good,3
limit,3
civilian,3
response,3
build,3
member,3
decision,3
communication,3
officer,3
conflict,3
gain,3
experience,3
win,3
solve,3
survival,2
score,2
plot,2
reflection,2
motivation,2
video,2
understand,2
identity,2
understanding,2
try,2
example,2
final,2
theme,2
set,2
get,2
end,2
frustration,2
depend,2
want,2
problem,2
negative,2
move,2
black,2
prevent,2
specific,2
honesty,2
adventure,2
public,2
fashy,2
regular,2
come,2
base,2
situation,2
work,2
result,2
individual,2
round,2
feeling,2
characater,2
superhero,2
resolution,2
apple,2
give,2
option,2
feel,2
person,2
storyline,1
safety,1
leave,1
warrant,1
vote,1
flashback,1
buy,1
style,1
twist,1
neighborhood,1
root,1
variety,1
dialogue,1
resolve,1
laughter,1
demographic,1
past,1
vs,1
cash,1
flaw,1
seconday,1
innovation,1
collaboration,1
extra,1
friends,1
capability,1
differential,1
emotionally,1
subrole,1
stack,1
stakeholder,1
diverse,1
encourage,1
status,1
friend,1
fine,1
haunt,1
single,1
engagement,1
limitation,1
stop,1
surve,1
reflect,1
recognize,1
kingdom,1
city,1
combination,1
succeed,1
slow,1
forward,1
type,1
self,1
alternative,1
motivate,1
define,1
pick,1
quickly,1
zombie,1
discussion,1
esque,1
parents,1
asesse,1
attempt,1
user,1
evoke,1
available,1
winner,1
tracy,1
accomplishment,1
low,1
growth,1
virtual,1
walk,1
t,1
success,1
provoke,1
require,1
true,1
pretty,1
characteristic,1
second,1
sustain,1
urban,1
candy,1
etc,1
source,1
blake,1
medal,1
progression,1
francis,1
eachother,1
know,1
represent,1
interactive,1
minute,1
primary,1
sustained,1
exciting,1
assume,1
difficulty,1
leadership,1
thought,1
discomfort,1
mcdonald,1
challenge,1
progress,1
outside,1
positive,1
invasion,1
lesson,1
instruction,1
enviromental,1
start,1
flat,1
idea,1
way,1
concept,1
decide,1
empahty,1
invest,1
fear,1
soft,1
emotion,1
assign,1
diversity,1
mindedness,1
enforce,1
reality,1
bobby,1
reflex,1
successful,1
bad,1
playing,1
patrol,1
threaten,1
shift,1
denominator,1
value,1
collabroate,1
inequity,1
fast,1
reliant,1
ability,1
fairly,1
match,1
interplayer,1
comedy,1
region,1
heavily,1
impartial,1
read,1
condition,1
white,1
safe,1
shifting,1
effective,1
viewpoint,1
switch,1
aspect,1
opportunity,1
like,1
pride,1
gotham,1
general,1
story,1
collective,1
produce,1
question,1
land,1
multiple,1
lose,1
don,1
garden,1
have,1
faith,1
contemplative,1
population,1
cop,1
fantasy,1
resist,1
curiosity,1
side,1
verbal,1
jail,1
marie,1
simple,1
obstacle,1
phase,1
dillon,1
racial,1
keep,1
open,1
overview,1
benefit,1
surprise,1
typical,1
establish,1
simulatied,1
reasoning,1
survive,1
insight,1
counting,1
indignation,1
entry,1
table,1
reach,1
honest,1
death,1
route,1
sr,1
unlearn,1
control,1
conclusion,1
rule,1
possible,1
fact,1
interest,1
common,1
take,1
figure,1
trip,1
overcome,1
